NAME,EMAIL,HASHEDPASS
Irfan,irfan@gmail.com,$2a$12$/cPheGJCHG3S775s9VCOB.ciUJBwRWUDXYCBOspJOOeuPiUDE34Gm
person1,person1@yahoo.com,$2a$12$zKnKq8tQpsolOmz8gSEffO2jC0WTxZy9xQdGs2KmH/eARstcKGrRy
person2,person2@yahoo.com,$2a$12$SrOnNLUaL3I1dJqPyfuTs.UoKyofA2EWXWKDT4fXDoWbcvNFS51zm
Fathi,fathi@gmail.com,$2a$12$zKnKq8tQpsolOmz8gSEffO2jC0WTxZy9xQdGs2KmH/eARstcKGrRy
David,david@gmail.com,$2a$12$SrOnNLUaL3I1dJqPyfuTs.UoKyofA2EWXWKDT4fXDoWbcvNFS51zm
Sara,sara@gmail.com,$2a$12$0/5kwyEvK1WRsOg3l0k68OSJJYV4zw9Z/gEn9ID8IfmL.GL3xHVUy
mad@gmail.com,mad@gmail.com,$2a$12$mXl2wSRodOnmdTotxsFzu.HTMetUBx5Xezjlhg5t3oI9ABi24Qz7m
Einstein,einstein@gmail.com,$2a$12$hjXmwUufhH.gdYhJkuTUSe99y47exCgzTWzU5YuuThtfX6BkMw.vy
AhHong,hong@gmail.com,$2a$12$zBAW0.QfFT1H9vaSkp.YwOuAZ2sKBF5AC4ez0Bt3Y4EKFE7uTPNjW
han@gmail.com,han@gmail.com,$2a$12$TsaMH7d7eyFdIaVRWAxI/.TX1RNILXbX61DGIE7BzEArhCkw0Zh.C
kimi,kimi@gmail.com,$2a$12$AvGYLcUkPgVghx0c73X5K.0MZoCPGYmPNM6uHIK7DOkpRb/zvy2Ne
